A1,,A2,,A3,,A4,
Parameters,Identifiability,Parameters,Identifiability,Parameters,Identifiability,Parameters,Identifiability
k_T,globally,d_T,globally,s_T,globally,d_T,globally
c_V,globally,k_T,globally,k_V,globally,c_T,globally
d_T,globally,c_V,globally,T(t),globally,c_V,globally
k_V,globally,p,globally,r,globally,k_V,globally
p,globally,r,globally,c_V,globally,p,globally
T(t),globally,s_T,globally,d_T,globally,T(t),globally
V(t),globally,k_V,globally,V(t),globally,V(t),globally
r,globally,T(t),globally,p,globally,r,globally
s_T,globally,V(t),globally,,,s_T,globally
,,c_T,globally,,,,
